{"cameraMode":{"drawMode":0,"name":"Shaded","section":"Shading Mode"},"sceneLighting":true,"audioPlay":false,"sceneViewState":{"m_AlwaysRefresh":false,"showFog":true,"showSkybox":true,"showFlares":true,"showImageEffects":true,"showParticleSystems":true,"showVisualEffectGraphs":true,"m_FxEnabled":true},"in2DMode":false,"pivot":{"x":5.047283172607422,"y":-0.08727949857711792,"z":-0.35398805141448977},"rotation":{"x":0.10327489674091339,"y":0.6273987889289856,"z":-0.08445685356855393,"w":0.7671879529953003},"size":2.784402370452881,"orthographic":false}